{"SF": {"0S16": {"10": [0.043296940977338605, -0.37697407302230246, -0.34102643609694805, 0.6265656514580588, -1.0548752390954708, -0.566856131239943, -0.06317232436473796, -0.07692124627776942, 1.0414893484233643, -0.11492012545867272, -0.2674127871976675, 0.33667584192232763, -0.297577158483385, -0.5350181712413841, -0.005669031278297848, 0.6781973803646577, 0.15116924105662616, 0.5624029478856439, -0.3692566490866703, -0.7009155648479379, -0.5394211216971657], "12": [1.0412786223035333, 0.9298819355259826, -0.10639319048574514, 0.6334581319043397, 0.0953148973418528, -0.30281920288616215, 0.3529388698325331, -0.09521432692611104, -0.6869713504621524, 0.026701177404182985, 0.4624730297234755, -0.4570673124827289, -0.6287276458958829, 0.01453007762185363, 0.26711953480760936, -0.05097985667856786, 0.24657844442156177, -0.5658694401636635, 0.16456107516283613, -0.14293071393634096, -0.3187886720273709, 0.41799995360115433, -1.4855031541435355, 0.14904937269482493, 0.883767427656478], "0": [-0.9687935098831294], "2": [-7.676252726119859, 3.7523464972653073, -0.38044760553741575, 0.5739978640958441, 7.3682603544873535], "4": [-1.5699638733356434, -0.15351176432002456, -0.759415214836282, 2.5097868244167123, 1.299036798774973, 1.072125109902881, 1.4054176930817113, 1.018675398825041, -0.05137222422048948], "6": [-1.7435297611818041, 1.4724140180439553, 0.7732441037950785, -1.8676402962835406, 0.6408473469399907, 0.05701901494466813, 1.3400391148254858, -1.417383025371509, -1.3459342950820454, -1.5130565061622598, -0.09824569909712366, 1.214780306028023, -0.10542268982114225], "8": [0.3489238429366539, 0.5129124225904484, 0.05789394244630286, -1.3930384439785701, -0.10502782144367903, 0.2661099212230261, -0.05077656709385836, -0.77410502386653, -1.1260018653433135, -0.0258483610327212, 0.050403169874828, -0.8389515151332615, -0.86775492909554, 0.937234333729377, -0.5839518343351322, -0.16623263504341246, -1.573060093204568]}, "0T17": {"10": [-0.7070493414976639, -0.14816040986798049, -0.22870206769283805, -0.08160968434603788, -0.6060268936107167, -0.0913608463231253, 0.07488463436329529, 0.1713305561734959, 0.5744344020395985, 0.0662278287153047, -0.12170223629380492, 0.5842775024670086, -0.9734708051757802, -0.4363832956806595, 0.33407868498379123, 0.6390368962992369, 0.3469737423935366, 0.35564210988539635, -0.31889714842949385, -0.9887401765959278, -0.5685486093785522], "12": [0.032854794861360725, -0.01048701750317857, -0.05700227243176913, 0.019365977847864035, 0.39977457822980805, 0.15365345359373456, 0.15278594125309514, 0.061800053523487136, -0.39867045783553823, -0.06042096316324774, 0.548371830260556, -0.1325745872898877, -0.0997662109529092, -0.18843791661939124, -0.3996014956805999, 0.1148322718118756, 0.06563919348824232, -0.4596415343032462, 0.21689373372664567, 0.01864426387397961, -0.28265462817968323, 0.3109765937782644, -0.5292047967713758, 0.1176044898530383, 0.4300913017844542], "0": [4.204633496503656], "2": [-1.9672681208722187, 5.761029214283201, -1.1270376467640206, 6.304656805950563, 11.549474383583679], "4": [1.6081192507840334, -0.8785011996980197, -0.4837087680576384, -3.206764576912757, -0.8533301592479154, 4.367106857253328, 0.8779789368159179, -0.14606113735921955, -3.6473361946427767], "6": [-1.3338591351317644, 2.6947719294812416, -1.7442175156471436, -2.733292426821678, -1.388831917835393, 0.8425680996375999, 3.9196197077691046, -1.3206154168670816, -2.732864212429417, -3.9666331289565395, 0.8740280018132891, 1.1409845814068809, -0.5018565695820077], "8": [-1.7213695282652663, 0.3927139976779666, 0.1018454872573929, -2.52863792188442, 0.062514985307352, 0.29495806111346884, 0.1186888665810441, -0.8743613169374267, -1.039905823071157, 0.6106200302098662, -0.5839750811064157, -1.5155859533526537, -1.3285893983385404, -0.3863168591119327, -0.6419760123770479, 1.2161611760761226, -1.0039847315874122]}, "0T17-0S16": {"2": [-0.18014470898259194, -0.4029151848864946, 1.2490906136915867, -1.2249927518040549, 0.5939580986279973], "4": [0.3366055731270928, 1.2680241493785873, -0.9030685756855145, -0.1584386109339726, 0.1913062436646391, -1.9633028511067625, -0.19664749352748173, -0.051868698994670115, -0.8160538670420279], "6": [0.4253275543416618, 0.08528546207379181, 0.4001241664816113, 0.183850805489055, 1.3890167721981945, 0.04088807561517783, 0.31182231154620865, 0.23360480352782614, 0.7467421412907453, 1.3884646896094524, -1.2983466453264638, 0.30410182408182457, 0.024093695150978034]}, "1T9": {"10": [-0.051488040366747895, -0.1380698176808364, -0.13790215165202727, -0.2922653983868551, 0.3911783659071485, 0.12042804818082178, -0.21622052832550626, 0.30780666544826746, -0.2659227399333235, 0.3505804370267336, 0.0808280780745683, 0.44461349126110583, -0.44958406115457744, -0.046879398255789656, 0.18217058669863842, 0.44400084473319906, -0.0745861955816402, 0.13965428297177024, 0.017873563333105018, -0.04777649809536964, 0.026252806595588603], "12": [-0.42288586215572005, -0.6628551351888098, 0.5394209215335579, -0.29261074570462653, -0.09843673359535865, 0.15538569126301027, 0.20601264614937936, 0.12717521961586611, 0.048823659242075525, -0.23039607896739558, -0.02994309836785719, 0.407720611324372, 0.6314681768856807, -0.3422091938520568, -0.1879318983369574, 0.2517208329677362, -0.1063414609918533, 0.02193039602690769, 0.12493777739418105, -0.1047796446151227, 0.07847017175135829, 0.1263864054443148, 0.7158854662595573, 0.2278774166318357, 0.20461897947424518], "0": [-4.392043220306167], "2": [1.342961032838783, 1.7736275584166579, 2.57524275139042, -4.415521857584115, 7.566355702402986], "4": [0.19668253963771398, 1.4349959558847198, -0.8974380596392312, -0.4329835117540077, 0.20778531431653208, -0.6536870236033892, 0.5756489615686394, -0.06693962844739826, -2.0856283997702145], "6": [-0.3028438715977222, 0.8886826761690347, -0.1761340508583108, -0.61101772771803, 0.48015737435357864, 0.40437214341929484, 1.2506310045765368, -0.3901743355733909, -0.43572537497092123, -0.14662446951354097, -0.5583325336330967, 0.5131826840550924, -0.0673322309604271], "8": [-0.7454916437663637, 0.35633407260603256, 0.19224060263565523, -0.09513753528574939, -0.01212562336387149, 0.3201066588905826, 0.20794361671172773, -0.6441236557952196, -0.3179099002711193, 0.24913465882665112, 0.07765696759898363, -0.02785493040742156, -0.7274316322752543, -0.7807058961889272, -0.26426270315476497, -0.12861676663769567, 0.11609976437425645]}}}